{"IY": 0.1268338394793926, "AA": 0.04770325379609545, "CH": 0.011458568329718003, "ZH": 0.0006195227765726681, "EH": 0.11761041214750542, "DH": 0.11002863340563991, "F": 0.07749761388286334, "AH": 0.37552104121475055, "K": 0.07534056399132322, "SH": 0.01575184381778742, "M": 0.0940112798264642, "L": 0.13611973969631236, "AO": 0.06306984815618222, "N": 0.29661258134490237, "IH": 0.12577353579175704, "HH": 0.09046767895878526, "B": 0.06005032537960955, "JH": 0.009141865509761388, "T": 0.2303704989154013, "AW": 0.03201908893709327, "V": 0.0685466377440347, "Y": 0.020157917570498916, "AE": 0.1401527114967462, "AY": 0.0635817787418655, "Z": 0.09070195227765726, "D": 0.2506481561822126, "G": 0.03959219088937093, "P": 0.04604772234273319, "UW": 0.033591323210412145, "OY": 0.0024537960954446854, "S": 0.15757744034707158, "NG": 0.03879045553145336, "W": 0.08585509761388287, "R": 0.1556060737527115, "UH": 0.01572407809110629, "TH": 0.03634880694143167, "OW": 0.05714880694143167, "EY": 0.05814663774403471, "ER": 0.10096138828633405}