{"IY": 0.03340221063683391, "AW": 0.007808695994597664, "DH": 0.033740122723284055, "Y": 0.006181396529456621, "HH": 0.02292533952182513, "CH": 0.003513753554063539, "JH": 0.0028033399549911744, "ZH": 0.00018997577143732903, "EH": 0.03460006907242334, "NG": 0.011895037588063349, "TH": 0.008288158655844256, "AA": 0.014628134400674335, "B": 0.01841434620397012, "AE": 0.03696226080746621, "D": 0.05848752678684985, "G": 0.01214088858639401, "F": 0.021543358909996715, "AH": 0.10688611617683605, "K": 0.02241607673956876, "M": 0.028828424206851153, "L": 0.04165897273661429, "AO": 0.018528757382846945, "N": 0.07431724463823984, "IH": 0.03721928685117554, "S": 0.04612526587295463, "R": 0.046815990106359825, "EY": 0.017058972843043294, "T": 0.06525108996603318, "W": 0.02523644533513695, "V": 0.020030470623732498, "AY": 0.01864742572186802, "Z": 0.025803711924358777, "ER": 0.025383849505131742, "P": 0.01412046805347206, "UW": 0.010217716491227323, "SH": 0.004830280328674049, "UH": 0.004821766008385541, "OY": 0.0007524530554968718, "OW": 0.01752459973382106}